instance,label,speedup,time_agg,status_agg,time_cons,status_cons,features_written
002a0330958a14deb23dcc84b5489e8a-traffic_f_unknown.cnf,CONS,1.001,1105.23,UNSAT,1103.9,UNSAT,True
004b0f451f7d96f6a572e9e76360f51a-spg_420_280.cnf,UNKNOWN,,1200,TIMEOUT,1200,TIMEOUT,False
00a62eb89afbf27e1addf8f5c437da9b-ortholatin-7.cnf,UNKNOWN,,1200,TIMEOUT,1200,TIMEOUT,False
00aefd1fc30c425075166ca051e57218-barman-pfile10-038.sas.ex.15.cnf,CONS,1.002,136.62,UNSAT,136.37,UNSAT,True
0151bedac526ee195bc52e4134cd80e7-ssAES_4-4-8_round_8-10_faultAt_8_fault_injections_2_seed_1579630418.cnf,UNKNOWN,,1200,TIMEOUT,1200,TIMEOUT,False
01813075a2ddb68ae1fc655ca003437e-sha256__zeroOut_12__freeIn_16__seed_1.cnf,UNKNOWN,,1200,TIMEOUT,1200,TIMEOUT,False
01d142c43f3ce9a8c5ef7a1ecdbb6cba-urquhart3_25bis.shuffled.cnf,CONS,1.104,104.76,UNSAT,94.88,UNSAT,True
0205e0724a8a912dde9ad7dfba2aee0b-003-23-80.cnf,UNKNOWN,,1200,TIMEOUT,1200,TIMEOUT,False
02223564bd2f5c20768e63cf28c785e3-mp1-squ_ali_s10x10_c39_abio_SAT.cnf,UNKNOWN,,1200,TIMEOUT,1200,TIMEOUT,False
0240f5bddc39ad2f0a786c811fc434a8-SC21_Timetable_C_542_E_71_Cl_36_S_35.cnf,UNKNOWN,,1200,TIMEOUT,1200,TIMEOUT,False
024af9416f8c1dad1b4f974757e38d51-8-5-6.cnf,UNKNOWN,,1200,TIMEOUT,1200,TIMEOUT,False
02627689047d06fbb642eef14768d751-ps_200_300_70.cnf,CONS,1.0,1130.93,UNSAT,1130.92,UNSAT,True
0294158664d9ada36bd23fbb652cb823-smtlib-qfbv-aigs-countbits128-tseitin.cnf,UNKNOWN,,1200,TIMEOUT,1200,TIMEOUT,False
02c6fe8483e4f4474b7ac9731772535d-ncc_none_7047_6_3_3_0_0_420.cnf,UNKNOWN,,1200,TIMEOUT,1200,TIMEOUT,False
02f2343e32f9070f149708d77556b4aa-Kakuro-easy-117-ext.xml.hg_5.cnf,UNKNOWN,,1200,TIMEOUT,1200,TIMEOUT,False
0398e6b20de133ba8b49c74b67dad7b7-6s133-sc2014.cnf,UNKNOWN,,1200,TIMEOUT,1200,TIMEOUT,False
03ba29d5cb38d345357a74a7b5ccd759-20-100-lambda100-49_sat.cnf,UNKNOWN,,1200,TIMEOUT,1200,TIMEOUT,False
03bb7baaa45980753a0e7050ae44755d-atco_enc3_opt1_03_53.cnf,UNKNOWN,,1200,TIMEOUT,1200,TIMEOUT,False
03c44a93577c98119dc498053888937a-ctl_4291_567_1_unsat_pre.cnf,UNKNOWN,,1200,TIMEOUT,1200,TIMEOUT,False
03fb9af7b390fe9e0739150ca3410cf0-4g_5color_166_100_02.cnf,UNKNOWN,,1200,TIMEOUT,1200,TIMEOUT,False
04157f716c1e9606c6a530657bf8f957-Kakuro-easy-125-ext.xml.hg_4.cnf,UNKNOWN,,1200,TIMEOUT,1200,TIMEOUT,False
0447371bb8a97e8fe5d3cee6de1db766-UTI-20-10p0-sc2009.cnf,UNKNOWN,,1200,TIMEOUT,1200,TIMEOUT,False
047c92e7c0a36a23d8107f4313517719-rubikcube701-sc2017.cnf,UNKNOWN,,1200,TIMEOUT,1200,TIMEOUT,False
048142b6048cb6c10415e08f68a2c3a3-GP_81_430_13.cnf,UNKNOWN,,1200,TIMEOUT,1200,TIMEOUT,False
048a70da40ea4908c783b8314be2da97-aes_32_2_keyfind_1.cnf,UNKNOWN,,1200,TIMEOUT,1200,TIMEOUT,False
0616ca6b1e0ae639d12e19ed310963a9-satcoin-genesis-SAT-4.cnf,UNKNOWN,,1200,TIMEOUT,1200,TIMEOUT,False
064fe286277f695f42b556ef991036ff-sin_depth_miter_2.cnf,UNKNOWN,,1200,TIMEOUT,1200,TIMEOUT,False
072785fd927ff0fd180ce8b9cc00078f-20180321_140826713_p_cnf_320_1120.cnf,UNKNOWN,,1200,TIMEOUT,1200,TIMEOUT,False
07b7859003d84402cbb1ebdc37655d55-6s186_Iter20.cnf,UNKNOWN,,1200,TIMEOUT,1200,TIMEOUT,False
0810eb03d022334fdd1d5a6ad4969d47-gss-18-s100.cnf,AGG,1.002,887.46,SAT,889.36,SAT,True
0823bc5f954c6366702877556f0d3680-linked_list_swap_contents_safety_unwind66.cnf,CONS,1.001,358.95,UNSAT,358.59,UNSAT,True
0842eb01dc00232edc0b26ccb2f19f25-6-4-6-sc2018.cnf,UNKNOWN,,1200,TIMEOUT,1200,TIMEOUT,False
0855033e761d91ae367e867c5a569f9e-atco_enc1_opt2_10_15.cnf,UNKNOWN,,1200,TIMEOUT,1200,TIMEOUT,False
085b8ebc423dcbd70eceaa04229cf5cd-summle_X111102_steps8_I1-2-2-4-4-8-25-100.cnf,UNKNOWN,,1200,TIMEOUT,1200,TIMEOUT,False
089456508f74be2d96f4112cc495f80a-Eternity-10-06_c18.cnf,UNKNOWN,,1200,TIMEOUT,1200,TIMEOUT,False
08991fb6c7c45205df7f2bc2f51fb1d9-bobsmdct_k500.cnf,UNKNOWN,,1200,TIMEOUT,1200,TIMEOUT,False
08e151e72fe10402a49463171aa557e8-abw-V-nos6.mtx-w220.cnf,AGG,1.001,164.31,SAT,164.4,SAT,True
090585dc32a79f2bf6fb61a2c7079682-mdp-28-16-sat.cnf,UNKNOWN,,1200,TIMEOUT,1200,TIMEOUT,False
09d8544494e54bc756438e69567b4ba7-mp1-klieber2017s-0300-034-t12.cnf,UNKNOWN,,1200,TIMEOUT,1200,TIMEOUT,False
0a20cb72e5b005b8ed09d8a93184604a-j3037_9_gmto_bm1.cnf,UNKNOWN,,1200,TIMEOUT,1200,TIMEOUT,False
0a3cb69074519646b0f2933ba7ad2d30-aws-encryption-sdk-c%3Aaws_cryptosdk_hdr_write.cnf,UNKNOWN,,1200,TIMEOUT,1200,TIMEOUT,False
0a514edbeace21927e52d75f2d4a8efd-ota-for-aws-iot-embedded-sdk%3AparseJSONbyModel.cnf,UNKNOWN,,1200,TIMEOUT,1200,TIMEOUT,False
0b4421f6aac81e2dbc87c5b5ddae6511-52bits_12.dimacs.cnf,UNKNOWN,,1200,TIMEOUT,1200,TIMEOUT,False
0b495cc867003b7ac112b7c47256228b-h31_large.cnf,UNKNOWN,,1200,TIMEOUT,1200,TIMEOUT,False
0c0e6faa4abb622f5bea636ff04d341d-grid-color-12-14-2-cb.cnf,UNKNOWN,,1200,TIMEOUT,1200,TIMEOUT,False
0c5d7e7aa3dd6024816078d2bdcfc4e3-Carry_Bits_Fast_8.cnf.cnf,UNKNOWN,,1200,TIMEOUT,1200,TIMEOUT,False
0c75119940f87f2bc1dc3f53aeedc02b-20-100-lambda100-89_sat.cnf,UNKNOWN,,1200,TIMEOUT,1200,TIMEOUT,False
0d209cb420326994f9c4898eb10228ab-008-80-8.cnf,UNKNOWN,,1200,TIMEOUT,1200,TIMEOUT,False
0dc468413b65339fad7e4f981bf2fb1e-reconf20_61_myciel4_2.cnf,CONS,1.003,566.28,UNSAT,564.54,UNSAT,True
0dcd0ec81c5e8dc13b72d43a4940279b-hantzsche_wendt_unit_147.cnf,UNKNOWN,,1200,TIMEOUT,1200,TIMEOUT,False
0e775873f4c4bbc81ff92b87dd3e15e8-grid-strips-grid-y-3.045-NOTKNOWN.cnf,CONS,1.003,870.8,SAT,868.14,SAT,True
0e89b0f96c99f1a6aaaf66c3ae805919-SCPC-500-15.cnf,CONS,,1200,TIMEOUT,925.9,UNSAT,True
109aa0f5e177c1efb72f133a6f8c723b-hantzsche_wendt_unit_92.cnf,UNKNOWN,,1200,TIMEOUT,1200,TIMEOUT,False
114f1b2ffd86e8a176bcbab664415520-bobsmdct_k88.cnf,UNKNOWN,,1200,TIMEOUT,1200,TIMEOUT,False
129162378e8ad29b5485a9c53feee4b7-hantzsche_wendt_unit_93.cnf,UNKNOWN,,1200,TIMEOUT,1200,TIMEOUT,False
13b13b34fe88f093aca06d6d035ee797-Lab-Project-FreeRTOS-Cellular-Library%3ACellular_ATRemovePrefix.cnf,UNKNOWN,,1200,TIMEOUT,1200,TIMEOUT,False
14f35ebcab936f66fc9292ff62cf39a7-h31.cnf,UNKNOWN,,1200,TIMEOUT,1200,TIMEOUT,False
157c7496c04d3fc63565cd7999dc45a5-Carry_Save_Fast_1.cnf.cnf,UNKNOWN,,1200,TIMEOUT,1200,TIMEOUT,False
161a73825fb50badeedbf8d12e1e043a-cfi-rigid-z2-0088-03-or_2.cnf,CONS,1.0,1166.26,UNSAT,1166.25,UNSAT,True
16a0949c23ac67c57c5773403daaca60-coreMQTT%3AMQTT_Connect.cnf,UNKNOWN,,1200,TIMEOUT,1200,TIMEOUT,False
1b78438db7da55c2b4c4b8ec6b6cd6c6-soelberg_unit_158.cnf,UNKNOWN,,1200,TIMEOUT,1200,TIMEOUT,False
1ebab99edff4c0470c8aa753bb9d3353-summle_X8637_steps8_I1-2-2-4-4-8-25-100.cnf,CONS,1.002,323.04,SAT,322.27,SAT,True
1fabadca67bfeada7086035761b88b33-sum_of_three_cubes_165_unknown_representation.cnf,UNKNOWN,,1200,TIMEOUT,1200,TIMEOUT,False
1fee9f154615842029ec63d8520f4b4e-GP_300_250_15.cnf,UNKNOWN,,1200,TIMEOUT,1200,TIMEOUT,False
20840b5020649385e3f8f4965de7a123-hantzsche_wendt_unit_83.cnf,UNKNOWN,,1200,TIMEOUT,1200,TIMEOUT,False
23e61c50ee2ac5cad1d337572abdebcf-aws-encryption-sdk-c%3Aaws_cryptosdk_priv_hdr_parse_edks.cnf,UNKNOWN,,1200,TIMEOUT,1200,TIMEOUT,False
24af39156d1daa122e5928d9aba11847-GP_100_948_33.cnf,UNKNOWN,,1200,TIMEOUT,1200,TIMEOUT,False
2551afad6b364a7225cdd1b9fa82f7c0-worker_500_500_500_0.35.cnf,AGG,1.02,128.6,SAT,131.11,SAT,True
26342c62148962a09872831b7cef8aae-div-mitern165.cnf,UNKNOWN,,1200,TIMEOUT,1200,TIMEOUT,False
26f8332e50a4ba5c371852e3737a3002-mdp-28-11-unsat.cnf,UNKNOWN,,1200,TIMEOUT,1200,TIMEOUT,False
2748e075d4b636ef260271a35302049b-cfi-rigid-t2-0048-01-or_3.cnf,CONS,1.031,1000.68,SAT,970.62,SAT,True
27d9905476897885d29cea2744db9805-coreJSON%3AskipCollection.cnf,UNKNOWN,,1200,TIMEOUT,1200,TIMEOUT,False
285cb2c9735ac73cad999fba3d669382-summle_X8634_steps8_I1-2-2-4-4-8-25-100.cnf,AGG,1.0,410.29,SAT,410.35,SAT,True
294924aff67e879595e55f15b10a79ef-grid-color-12-14-6-cb.cnf,UNKNOWN,,1200,TIMEOUT,1200,TIMEOUT,False
2a43c3327fb817d82496449265d6630d-mdp-36-16-unsat.cnf,UNKNOWN,,1200,TIMEOUT,1200,TIMEOUT,False
2c0379771c5313567ea9e230438f203f-reconf20_320_hc-square-2_1.cnf,CONS,1.0,438.25,UNSAT,438.2,UNSAT,True
2c7cb0ff324a42a0699c23317c97a29a-6s320rb1_Iter8.cnf,UNKNOWN,,1200,TIMEOUT,1200,TIMEOUT,False
2d01c7744a990469354a3c53cc2727fb-rphp_p95_r95.cnf,UNKNOWN,,1200,TIMEOUT,1200,TIMEOUT,False
2f9cb22859718ab6c201726a91cfefe1-aws-encryption-sdk-c%3Aaws_cryptosdk_priv_try_gen_key.cnf,UNKNOWN,,1200,TIMEOUT,1200,TIMEOUT,False
30ca21da9753263cc8cda020802b58ce-GP_500_200_20.cnf,UNKNOWN,,1200,TIMEOUT,1200,TIMEOUT,False
3159a02d096424aab6295c76360633a9-SCPC-500-10.cnf,CONS,1.304,861.27,UNSAT,660.31,UNSAT,True
3176c9024f756e99dbee852e5c0aa578-Break_triple_12_30.xml.cnf,UNKNOWN,,1200,TIMEOUT,1200,TIMEOUT,False
31cc22a0f42ebaa109a5b807eb6178c2-Break_20_54.xml.cnf,UNKNOWN,,1200,TIMEOUT,1200,TIMEOUT,False
324e19a2991a29d0765ad256fb7aee85-j3037_9_gmto_b.cnf,UNKNOWN,,1200,TIMEOUT,1200,TIMEOUT,False
34c2410669b8063d4b0a16a40b071536-sum_of_three_cubes_still_open_large.cnf,UNKNOWN,,1200,TIMEOUT,1200,TIMEOUT,False
351746fa3de2464c903c85e726cfed55-linked_list_swap_contents_safety_unwind67.cnf,AGG,1.001,394.45,UNSAT,394.69,UNSAT,True
354936f86e55ab8d00e6e1f5f7c140a9-xor_op_n44_d3.cnf,UNKNOWN,,1200,TIMEOUT,1200,TIMEOUT,False
354c2088ae7648e1dc51d12947c8043a-bobsmdct_init_k88.cnf,UNKNOWN,,1200,TIMEOUT,1200,TIMEOUT,False
35ad744923721e37a2f58443179c31a8-coreMQTT%3AMQTT_SerializeConnect.cnf,UNKNOWN,,1200,TIMEOUT,1200,TIMEOUT,False
3666617901c8500d78700dac959729d4-pj2002_k9.cnf,UNKNOWN,,1200,TIMEOUT,1200,TIMEOUT,False
367c25ad50259a685a25b86d6dd171b2-GP_100_950_33.cnf,UNKNOWN,,1200,TIMEOUT,1200,TIMEOUT,False
36ecf4ba0451f40e4ede9a1b2ab914f7-af-synthesis_stb_50_200_4_sat.cnf,UNKNOWN,,1200,TIMEOUT,1200,TIMEOUT,False
372021735d9e46002b862aa2a038a818-j3045_4_rggt_bm1.cnf,UNKNOWN,,1200,TIMEOUT,1200,TIMEOUT,False
39b3fde35939134f3b011ebb31842610-PancakeVsInsertSort_9_4.cnf,UNKNOWN,,1200,TIMEOUT,1200,TIMEOUT,False
3b97191d94abf3a5e97d6359d886d9df-summle_X111121_steps7_I1-2-2-4-4-8-25-100.cnf,UNKNOWN,,1200,TIMEOUT,1200,TIMEOUT,False
3cbd82017c4a304c014dd87a69f6028c-bmc_QICE_req_sfl_30.cnf,UNKNOWN,,1200,TIMEOUT,1200,TIMEOUT,False
3d2a6e5c2f8f58dee79fd50444009625-cfi-rigid-z2-0088-03-or_2_shuffle_all.cnf,CONS,1.001,629.38,UNSAT,628.77,UNSAT,True
3d2b0088dccf11d1f82c89b7122c26e1-cfi-rigid-z2-0088-01-or_2_shuffle_all.cnf,CONS,1.0,605.79,UNSAT,605.66,UNSAT,True
3d449de3d6e722c9ce4a38ec748ee3cf-sudoku-N30-10.cnf,UNKNOWN,,1200,TIMEOUT,1200,TIMEOUT,False
3d4beaebb3d87819ce9ff59e72047ef7-sudoku-N30-20.cnf,UNKNOWN,,1200,TIMEOUT,1200,TIMEOUT,False
3e2fe1556893706475f9dd19c1a7b8fe-mdp-32-12-sat.cnf,UNKNOWN,,1200,TIMEOUT,1200,TIMEOUT,False
3fb045f58aaf394165735c39c49fad92-linked_list_swap_contents_safety_unwind56.cnf,CONS,1.004,203.29,UNSAT,202.45,UNSAT,True
3fb297f59ad2dc32fd3f79d61951d8cb-Carry_Bits_Fast_4.cnf.cnf,CONS,,1200,TIMEOUT,322.81,SAT,True
3ff263696219ca9e301b0a1b345eb9aa-SCPC-500-4.cnf,AGG,1.308,463.77,UNSAT,606.76,UNSAT,True
41423c03ef173a5b81d6e6776f316fa5-PancakeVsInsertSort_7_8.cnf,UNKNOWN,,1200,TIMEOUT,1200,TIMEOUT,False
4348c6b9af237291558b154a9de82969-aws-encryption-sdk-c%3Aaws_cryptosdk_priv_hdr_parse_aad.cnf,UNKNOWN,,1200,TIMEOUT,1200,TIMEOUT,False
43687a48fb119ca61b47c2fc69a71e7d-manthey_single-ordered-initialized-w42-b8.cnf,CONS,1.018,991.68,UNSAT,973.72,UNSAT,True
436d00b6d41912e800e9855d08c75139-manol-pipe-f7nidw.cnf,CONS,1.007,307.51,UNSAT,305.24,UNSAT,True
4408f3ebfc37275a23ef57cfcc8aba6d-aws-encryption-sdk-c%3Aaws_cryptosdk_priv_hdr_parse_content_type.cnf,UNKNOWN,,1200,TIMEOUT,1200,TIMEOUT,False
44ed91b4ca5a5d8323cab4c268d81fd1-grid-color-12-14-12-cb.cnf,UNKNOWN,,1200,TIMEOUT,1200,TIMEOUT,False
4501f9a0e9fab5d5cff7133022b1f780-50bits_11.dimacs.cnf,CONS,,1200,TIMEOUT,686.58,SAT,True
4513c58c16e72a34f9f8518db7baeb9e-ktf_TF-3.tf_3_0.02_24.cnf,UNKNOWN,,1200,TIMEOUT,1200,TIMEOUT,False
4551c996fc6f5fbe62b43076abb25077-knight_18.cnf,UNKNOWN,,1200,TIMEOUT,1200,TIMEOUT,False
45784477d3143f470c0bd0137a1c01ed-sum_of_three_cubes_still_open.cnf,UNKNOWN,,1200,TIMEOUT,1200,TIMEOUT,False
45ec40c74fdbf2fe41122ac1e31e6c8e-worker_30_120_30_0.8.cnf,UNKNOWN,,1200,TIMEOUT,1200,TIMEOUT,False
47135a1fd4c86afbfec0c7879c45268b-SC22_Timetable_C_451_E_46_Cl_30_S_27.cnf,UNKNOWN,,1200,TIMEOUT,1200,TIMEOUT,False
47a1a6f5687ed19c5c0f77c2c81f3f81-tseitin_grid_n14_m14.cnf,UNKNOWN,,1200,TIMEOUT,1200,TIMEOUT,False
488b147304549670f31653c932684e2c-sin-mitern28.cnf,AGG,,891.41,UNSAT,1200,TIMEOUT,True
48e9f29a92930f1b367efc5754cb679b-af-synthesis_stb_50_80_7_sat.cnf,CONS,1.009,889.41,SAT,881.38,SAT,True
48eacbc152c7710dfd6fe17a8a17199e-SCPC-500-7.cnf,CONS,1.172,1120.85,UNSAT,956.52,UNSAT,True
49f5d904bb2e762219287d33f5621971-ITC2021_Late_1.xml.cnf,AGG,1.015,1141.74,SAT,1159.07,SAT,True
4a85e090bda23cef9bf2aed55d489ab6-sin_depth_miter_5.cnf,UNKNOWN,,1200,TIMEOUT,1200,TIMEOUT,False
4af0fbe3087b6e3ad54177e16b85ed06-grid-color-14-14-6-cb.cnf,UNKNOWN,,1200,TIMEOUT,1200,TIMEOUT,False
4b45bebcc3f810b25cca2d16a1ff2084-hyp_cec_multi_3.cnf,UNKNOWN,,1200,TIMEOUT,1200,TIMEOUT,False
4b537d3c18082eb884bf9429b8146214-gaussian.c.75.smt2-cvc4.cnf,UNKNOWN,,1200,TIMEOUT,1200,TIMEOUT,False
4db2404ba78dda6f3bc89a2b03057fd2-intel036_Iter109.cnf,UNKNOWN,,1200,TIMEOUT,1200,TIMEOUT,False
4f888358cd62fe7bc602ea6882cdfc6d-bivium-40-200-0s0-0x92fc13b11169afbb2ef11a684d9fe9a19e743cd6aa5ce23fb5-19.cnf,UNKNOWN,,1200,TIMEOUT,1200,TIMEOUT,False
5099718e4b5b8fe2ba7f8b919fdfde2d-satcoin-genesis-SAT-5.cnf,UNKNOWN,,1200,TIMEOUT,1200,TIMEOUT,False
51dd2c14736f2d9164f749d6a633ccb5-j3045_10_mdd_bm1.cnf,UNKNOWN,,1200,TIMEOUT,1200,TIMEOUT,False
5237a944490aeead04c7a4539e6b44d2-SC22_Timetable_C_451_E_43_Cl_30_S_27.cnf,UNKNOWN,,1200,TIMEOUT,1200,TIMEOUT,False
5457c05649be6f3bc4f743c5e6086a18-mdp-28-10-sat.cnf,CONS,,1200,TIMEOUT,151.77,SAT,True
54d4838f065e6ca3579b357bc70ea566-div_miter_lec_4.cnf,UNKNOWN,,1200,TIMEOUT,1200,TIMEOUT,False
5573681b2f40d5d8b30267ac59987e40-Carry_Bits_Fast_16.cnf.cnf,UNKNOWN,,1200,TIMEOUT,1200,TIMEOUT,False
55add9c1c8ad002a0faa34ecf47919a1-SC22_Timetable_C_451_E_45_Cl_30_S_27.cnf,UNKNOWN,,1200,TIMEOUT,1200,TIMEOUT,False
5601a7e094f61f3c5af461300c25243f-summle_X111107_steps8_I1-2-2-4-4-8-25-100.cnf,UNKNOWN,,1200,TIMEOUT,1200,TIMEOUT,False
567964f034c8ffa65952897ce4927c6c-ablmulub16x4o.cnf,UNKNOWN,,1200,TIMEOUT,1200,TIMEOUT,False
56e7489da32260e1bdd085a418592ec2-cliquecoloring_n18_k6_c5.cnf,UNKNOWN,,1200,TIMEOUT,1200,TIMEOUT,False
5796ee4ac65929640e1b67ae2bfb9e8e-div_miter_lec_3.cnf,UNKNOWN,,1200,TIMEOUT,1200,TIMEOUT,False
59047491e4828ed2bb79572330df6f77-mdp-32-16-unsat.cnf,UNKNOWN,,1200,TIMEOUT,1200,TIMEOUT,False
594b07c07aee036a7aca35d44e2316da-div-mitern168.cnf,UNKNOWN,,1200,TIMEOUT,1200,TIMEOUT,False
59e596f5f845a2487370950b37ec3db2-aws-encryption-sdk-c%3Aaws_cryptosdk_enc_ctx_size.cnf,UNKNOWN,,1200,TIMEOUT,1200,TIMEOUT,False
5ac44f542fd2cd4492067deb7791629a-Carry_Bits_Fast_18.cnf.cnf,UNKNOWN,,1200,TIMEOUT,1200,TIMEOUT,False
5c54a96de5bbfbfe9152afbc8822588d-cliquecoloring_n60_k5_c4.cnf,UNKNOWN,,1200,TIMEOUT,1200,TIMEOUT,False
5c5fa629c2c62723eb2d3388db264521-Wallace_Bits_Fast_3.cnf.cnf,UNKNOWN,,1200,TIMEOUT,1200,TIMEOUT,False
5c6495ff589cbbcb550e1655dadbd143-worker_40_80_35_0.85.cnf,UNKNOWN,,1200,TIMEOUT,1200,TIMEOUT,False
5cc5e3d24402696ed4ec03edfa42d663-sudoku-N30-24.cnf,UNKNOWN,,1200,TIMEOUT,1200,TIMEOUT,False
5d357f1e4b5abc96c90d305f629edd5c-ps_200_323_70.cnf,UNKNOWN,,1200,TIMEOUT,1200,TIMEOUT,False
5e04f38ff11cee5d75fb98e12f6a14fc-sqrt-mitern172.cnf,CONS,,1200,TIMEOUT,1045.48,UNSAT,True
5e25f9f0d4ef05401fd9ab45a2538c1c-summle_X111117_steps8_I1-2-2-4-4-8-25-100.cnf,UNKNOWN,,1200,TIMEOUT,1200,TIMEOUT,False
5e66b728b2445ec69f27e0f1a49f4b29-006.cnf,UNKNOWN,,1200,TIMEOUT,1200,TIMEOUT,False
5e933a625099cc1ec6a8299a7848a2ae-Kakuro-easy-112-ext.xml.hg_7.cnf,AGG,1.018,619.37,SAT,630.38,SAT,True
5f24ae73bb2a0ec3bef68d8a9680f04f-af-synthesis_stb_50_80_7_unsat.cnf,UNKNOWN,,1200,TIMEOUT,1200,TIMEOUT,False
5ff92b9fa31963608674761e0d71fce8-sv-comp19_prop-reachsafety.triangular-longer_false-unreach-call.i-witness.cnf,CONS,1.003,312.48,SAT,311.57,SAT,True
608941b989227d93c62b3a9b4280011b-summle_X8639_steps8_I1-2-2-4-4-8-25-100.cnf,CONS,1.0,381.18,SAT,381.1,SAT,True
60a0ab2650e08f32c4fff6ff09369568-eqsparcl12bpwtrc12.cnf,UNKNOWN,,1200,TIMEOUT,1200,TIMEOUT,False
61175b10026fe42cadd5e2f0088684ea-6s105_Iter99.cnf,UNKNOWN,,1200,TIMEOUT,1200,TIMEOUT,False
622787535593269d5e9a1dc4fe01c4af-atco_enc1_opt2_10_16-sc2014.cnf,UNKNOWN,,1200,TIMEOUT,1200,TIMEOUT,False
65138afdf7eb054be5131f2b0de84369-satch2ways12u.cnf,AGG,1.013,948.68,UNSAT,960.69,UNSAT,True
65514d6ff224df20ba8c1aeec1698ab6-PancakeVsInsertSort_8_7.cnf,UNKNOWN,,1200,TIMEOUT,1200,TIMEOUT,False
6901858f1edbe3b1d327902dab720326-reconf20_20_grid10_4_4957.cnf,UNKNOWN,,1200,TIMEOUT,1200,TIMEOUT,False
6965d5369d3ab26daaf074303c3d1739-mp1-squ_ali_s10x10_c39_abix_SAT.cnf,UNKNOWN,,1200,TIMEOUT,1200,TIMEOUT,False
6a3e3d3a65a46608b44d81f9e4621087-6s105_Iter35.cnf,UNKNOWN,,1200,TIMEOUT,1200,TIMEOUT,False
6b0dfcfa8cf0c0564f17ec0a5434b5b9-ITC2021_Early_4.xml.cnf,UNKNOWN,,1200,TIMEOUT,1200,TIMEOUT,False
6b630aa05142274d965c8fc019db511e-bmc_QICE_rxrsp_vld_30.cnf,UNKNOWN,,1200,TIMEOUT,1200,TIMEOUT,False
6b7e3415d7bd20be605b1f9723c43d68-Carry_Bits_Fast_5.cnf.cnf,UNKNOWN,,1200,TIMEOUT,1200,TIMEOUT,False
6c34b7032712e16b08d97a0449d610e2-puzzle30_sat.cnf,UNKNOWN,,1200,TIMEOUT,1200,TIMEOUT,False
6d815089fb4095208754622b4c44a8f7-Carry_Bits_Fast_12.cnf.cnf,UNKNOWN,,1200,TIMEOUT,1200,TIMEOUT,False
6dd57612dab7692b8c38225bb852ce36-hwmcc15deep-6s516r-k18-sc2017.cnf,UNKNOWN,,1200,TIMEOUT,1200,TIMEOUT,False
6e1b970d637fca70d08b251766edade3-Nb8T61.cnf,UNKNOWN,,1200,TIMEOUT,1200,TIMEOUT,False
6e3015f2ce1f17e4f2b81dae06d73eec-gus-md5-11.cnf,UNKNOWN,,1200,TIMEOUT,1200,TIMEOUT,False
6e3ba15d8b33f40738f7e7d7355799a5-SC22_Timetable_C_436_E_41_Cl_29_S_27.cnf,UNKNOWN,,1200,TIMEOUT,1200,TIMEOUT,False
6f956a3f95ccaf35a3de1fe72b9cf79e-soelberg_unit_109.cnf,UNKNOWN,,1200,TIMEOUT,1200,TIMEOUT,False
6fa8b4b7f4b059bd46913dbe741c0b94-mdp-36-11-sat.cnf,UNKNOWN,,1200,TIMEOUT,1200,TIMEOUT,False
6fb0757ee018642fedd0669aad3882fe-grid-color-12-14-10-cb.cnf,UNKNOWN,,1200,TIMEOUT,1200,TIMEOUT,False
7016d1da3fdfe543de3b95f96a9ffe4c-summle_X8651_steps8_I1-2-2-4-4-8-25-100.cnf,AGG,1.0,747.87,SAT,748.01,SAT,True
7018eff980d8183192d7a309e508b320-grid-color-14-14-10-cb.cnf,UNKNOWN,,1200,TIMEOUT,1200,TIMEOUT,False
70289686a242c8380ca26bda45ad1278-summle_X111104_steps6_I1-2-2-4-4-8-25-100.cnf,UNKNOWN,,1200,TIMEOUT,1200,TIMEOUT,False
7101289c67f4c4ba117ad06ebb7d18a0-6s184.cnf,UNKNOWN,,1200,TIMEOUT,1200,TIMEOUT,False
72329bc80f5f55dcc356a22f3f11ebec-GP_200_313_5.cnf,UNKNOWN,,1200,TIMEOUT,1200,TIMEOUT,False
73ef1e87dbb7965ecb558e62dedb3a0c-SCPC-500-8.cnf,CONS,1.45,713.11,UNSAT,491.68,UNSAT,True
7703f7d1901ff09a0f177c52a1a7c107-linked_list_swap_contents_safety_unwind43.cnf,CONS,1.001,176.77,UNSAT,176.55,UNSAT,True
78a0e76b68b536e2ea7d801fc6061cd2-grid-color-12-14-14-cb.cnf,UNKNOWN,,1200,TIMEOUT,1200,TIMEOUT,False
78cdffdf5bbb89beb753f9ffab7fa45f-sudoku-N30-6.cnf,UNKNOWN,,1200,TIMEOUT,1200,TIMEOUT,False
7993005e2949524b293b216ed9c65126-cfi-rigid-s2-0064-03-or_2_shuffle_all.cnf,UNKNOWN,,1200,TIMEOUT,1200,TIMEOUT,False
7a236bb9e1566b80fa7b593a7e973efa-SCPC-500-16.cnf,UNKNOWN,,1200,TIMEOUT,1200,TIMEOUT,False
7a67847b81b414d659f005200cf56f6b-size_5_5_5_i198_r12.cnf,UNKNOWN,,1200,TIMEOUT,1200,TIMEOUT,False
7acf6cf25ddaf2ab98106e0bb3b9ddb1-af-synthesis_stb_50_140_3_sat.cnf,UNKNOWN,,1200,TIMEOUT,1200,TIMEOUT,False
7adc1ade3384505af00ff8f7be23f5bd-ex175_20.cnf,CONS,1.043,805.28,SAT,771.91,SAT,True
7af73f846548141cc97b8a149a20bfbf-vlsat2_57038_10572502.dimacs.cnf,UNKNOWN,,1200,TIMEOUT,1200,TIMEOUT,False
7b933d3e6b425772ed19eb0fec52bbf9-j3037_1_rggt_b.cnf,UNKNOWN,,1200,TIMEOUT,1200,TIMEOUT,False
7c15baa29f2228703e5161bfabd91773-reconf10_140_queen6_1.cnf,UNKNOWN,,1200,TIMEOUT,1200,TIMEOUT,False
7c6a06895899eab7cb83b658898ac327-reconf10_145_queen6_2.cnf,UNKNOWN,,1200,TIMEOUT,1200,TIMEOUT,False
7d2199baf2526263b5f753d290d2790b-md4__zeroOut_19__freeIn_23__seed_2.cnf,UNKNOWN,,1200,TIMEOUT,1200,TIMEOUT,False
7d9025b2f7e76f783a4ae5e8c9bf8e5c-4d_euler_bricks.cnf,UNKNOWN,,1200,TIMEOUT,1200,TIMEOUT,False
7e5396d6b00b82c2fc0ea1d7c6505afd-manthey_single-ordered-initialized-w50-b7.cnf,UNKNOWN,,1200,TIMEOUT,1200,TIMEOUT,False
7e9318578a6bdd7dfa9fc261be8a0839-PancakeVsSelectionSort_7_7.cnf,UNKNOWN,,1200,TIMEOUT,1200,TIMEOUT,False
7edaa759315f3762eee756c5bb843599-SC22_Timetable_C_436_E_42_Cl_29_S_27.cnf,UNKNOWN,,1200,TIMEOUT,1200,TIMEOUT,False
7efdf72de31fa82aeceb7acbc29a59bf-vlsat2_113_1150.cnf,UNKNOWN,,1200,TIMEOUT,1200,TIMEOUT,False
7f09f477d319cd79821c80504aa06a6e-Break_16_56.xml.cnf,UNKNOWN,,1200,TIMEOUT,1200,TIMEOUT,False
7f4d55b70c61ffc611a58e01d52c19bb-SCPC-500-11.cnf,UNKNOWN,,1200,TIMEOUT,1200,TIMEOUT,False
7fe153ced2c966dcdeb42b6714b4d6b7-sudoku-N30-11.cnf,UNKNOWN,,1200,TIMEOUT,1200,TIMEOUT,False
7ff8c9781b3ada449ce489cdf444a760-Break_unsat_10_15.xml.cnf,UNKNOWN,,1200,TIMEOUT,1200,TIMEOUT,False
80023e9fd0e627f71c2d953432613b5f-hyp_cec_multi_4.cnf,UNKNOWN,,1200,TIMEOUT,1200,TIMEOUT,False
807133f4461a11e39a390dfcf67a4fc6-summle_X11113_steps8_I1-2-2-4-4-8-25-100.cnf,CONS,1.0,973.58,SAT,973.52,SAT,True
810ce4a78bc01ddc5a043d95f9584f2f-005-80-12.cnf,UNKNOWN,,1200,TIMEOUT,1200,TIMEOUT,False
81b674a2aa6fbda9b06cf8ea334ddc44-beempgsol2b1.cnf,UNKNOWN,,1200,TIMEOUT,1200,TIMEOUT,False
81e73c41a76d7b432cf86c43ffe23986-PancakeVsInsertSort_8_6.cnf,UNKNOWN,,1200,TIMEOUT,1200,TIMEOUT,False
85aa1f0820da17412b8ee803b4a85207-sudoku-N30-4.cnf,UNKNOWN,,1200,TIMEOUT,1200,TIMEOUT,False
885c0d25480fe4db3cd5d3b4bc044e76-SCPC-500-17.cnf,UNKNOWN,,1200,TIMEOUT,1200,TIMEOUT,False
889b6d29998ade866e64c46f807a98bc-6s320rb1_Iter9.cnf,UNKNOWN,,1200,TIMEOUT,1200,TIMEOUT,False
8aee61ed27bf700a548ca9c097203749-SAT_MS_sat_snake_p01.pddl_39.cnf,UNKNOWN,,1200,TIMEOUT,1200,TIMEOUT,False
8bb5819a23a8f1dff851d608bec008ca-ITC2021_Late_6.xml.cnf,UNKNOWN,,1200,TIMEOUT,1200,TIMEOUT,False
8bfbffbfea9e5a5993bc024f39adff84-worker_40_80_40_0.85.cnf,UNKNOWN,,1200,TIMEOUT,1200,TIMEOUT,False
8c0af30cc2a89e3fee97852633bed956-div_miter_lec_1.cnf,UNKNOWN,,1200,TIMEOUT,1200,TIMEOUT,False
8c8b72ac19c0f93813b614a18abaf512-aws-encryption-sdk-c%3Aaws_cryptosdk_keyring_trace_eq.cnf,UNKNOWN,,1200,TIMEOUT,1200,TIMEOUT,False
8e659f42dd85a193fccc9cbbcc4627ed-sum_of_three_cubes_3_unknown_representation.cnf,UNKNOWN,,1200,TIMEOUT,1200,TIMEOUT,False
8efdd60faa21ddcace492bff0479408b-Break_triple_20_54.xml.cnf,UNKNOWN,,1200,TIMEOUT,1200,TIMEOUT,False
8f3d4a4fedf4689ae0e6df362478d551-PancakeVsSelectionSort_7_6.cnf,UNKNOWN,,1200,TIMEOUT,1200,TIMEOUT,False
90add18e4ee4facb4f37737a9a2602cc-SC22_Timetable_C_436_E_40_Cl_29_S_27.cnf,UNKNOWN,,1200,TIMEOUT,1200,TIMEOUT,False
90e839c4b05d4a7ac011435921551060-SC22_Timetable_C_436_E_43_Cl_29_S_27.cnf,UNKNOWN,,1200,TIMEOUT,1200,TIMEOUT,False
90ec6ff35305fed1d9a87a3ecd87238b-linked_list_swap_contents_safety_unwind48.cnf,CONS,1.005,201.13,UNSAT,200.22,UNSAT,True
918ca8da0cbca88dcd34b0a6dec2b770-GP_100_950_32.cnf,UNKNOWN,,1200,TIMEOUT,1200,TIMEOUT,False
920bbe559da4ea37fd636605316a791c-SCPC-500-19.cnf,AGG,1.773,324.71,UNSAT,575.64,UNSAT,True
925c82e25f5391fc2f1f7a4a9e093cec-6s186_Iter99.cnf,UNKNOWN,,1200,TIMEOUT,1200,TIMEOUT,False
928436a6e8edbcde2d82504a85c88853-rphp_p90_r90.cnf,UNKNOWN,,1200,TIMEOUT,1200,TIMEOUT,False
93695f689b57cdb57c9b6d0d726e0f53-Break_triple_18_48.xml.cnf,UNKNOWN,,1200,TIMEOUT,1200,TIMEOUT,False
95c00d0ae51d5d0a2a931ce82b77701f-af-synthesis_stb_50_140_0_sat.cnf,UNKNOWN,,1200,TIMEOUT,1200,TIMEOUT,False
96f6aab24720f070a02e637f7252b482-grid-color-12-14-8-cb.cnf,UNKNOWN,,1200,TIMEOUT,1200,TIMEOUT,False
98dbd257808e551fd26cad78ba520955-ITC2021_Late_2.xml.cnf,UNKNOWN,,1200,TIMEOUT,1200,TIMEOUT,False
9954ccd77da65ad003b73bf38de3bd78-4d_perfect_euler_bricks.cnf,UNKNOWN,,1200,TIMEOUT,1200,TIMEOUT,False
9cdf94203777c9f036f412bef1cc7c85-tseitin_n196_d3.cnf,UNKNOWN,,1200,TIMEOUT,1200,TIMEOUT,False
9cea216ba8c5051e489af11150504ba6-Break_20_36.xml.cnf,UNKNOWN,,1200,TIMEOUT,1200,TIMEOUT,False
9e35558ea8ffba630cd8c8f90e14af14-string_compare_safety_cbmc_unwinding_730.cnf,UNKNOWN,,1200,TIMEOUT,1200,TIMEOUT,False
9f7ec7ef3a908c2e93b5553670a207b1-rphp_p14_r14.cnf,UNKNOWN,,1200,TIMEOUT,1200,TIMEOUT,False
9f901378a6feabcc94019a018a70d42b-sin-mitern29.cnf,AGG,1.032,560.84,UNSAT,578.56,UNSAT,True
a09b0e7764666af044fa7e63dd7e7aef-PancakeVsSelectionSort_8_3.cnf,UNKNOWN,,1200,TIMEOUT,1200,TIMEOUT,False
a0e98fd44b74e6f255ca1e5a20bc01fd-cfi-rigid-d3-0180-02-orig.cnf,CONS,1.0,975.46,UNSAT,975.08,UNSAT,True
a1158a2d8c8a1c6da02c2c4fcb32337f-6s158_Iter2.cnf,UNKNOWN,,1200,TIMEOUT,1200,TIMEOUT,False
a130a3f95891daed1bfd71c77bd2d8a1-SAT_dat.k80.cnf,UNKNOWN,,1200,TIMEOUT,1200,TIMEOUT,False
a2609893b71f219f4635d33ef1ff6eca-j3045_4_gmto_bm1.cnf,UNKNOWN,,1200,TIMEOUT,1200,TIMEOUT,False
a2bdae1f9d9695e8cf80cfbbd5f7d61f-PancakeVsSelectionSort_8_4.cnf,UNKNOWN,,1200,TIMEOUT,1200,TIMEOUT,False
a33d32bb816c0da62c7d946c18286a0d-SCPC-500-2.cnf,CONS,1.104,1165.06,UNSAT,1054.87,UNSAT,True
a42230be4432b010789b6f97b090343c-soelberg_unit_223.cnf,UNKNOWN,,1200,TIMEOUT,1200,TIMEOUT,False
a4451734e7f5f2ce7b481688a693c4e9-worker_20_20_16_0.9.cnf,UNKNOWN,,1200,TIMEOUT,1200,TIMEOUT,False
a44fce1796383ea31df08af3b0f65db3-soelberg_unit_159.cnf,UNKNOWN,,1200,TIMEOUT,1200,TIMEOUT,False
a4bffff28417d6b4d72f7b9122988ba5-reconf10_68_queen15_2.cnf,AGG,1.001,563.32,SAT,564.03,SAT,True
a5e0082efb1da4dabaa165c2bda5f85e-linked_list_swap_contents_safety_unwind41.cnf,CONS,1.003,194.89,UNSAT,194.33,UNSAT,True
a65dfd8b3468d202ff3ba8731018622e-j3037_10_gmto_bm1.cnf,AGG,1.08,835.08,UNSAT,902.26,UNSAT,True
a7aac5c83f236fd8b3de3275e3f5499d-edit_distance041_183.cnf,CONS,1.006,760.3,UNSAT,756.09,UNSAT,True
a7b23445c21b27eb3c918c1e96ba25df-hyp_cec_multi_1.cnf,UNKNOWN,,1200,TIMEOUT,1200,TIMEOUT,False
a7cb2567e1f5b7ec2f4ba09931e29b96-s2n%3As2n_stuffer_write_base64.cnf,UNKNOWN,,1200,TIMEOUT,1200,TIMEOUT,False
aa4638ca3654f1a300c809125a3133ee-6s22_Iter57.cnf,UNKNOWN,,1200,TIMEOUT,1200,TIMEOUT,False
aad5bbe8920c5afc84068bb1da27ee8f-LABS_n041_goal003.cnf,UNKNOWN,,1200,TIMEOUT,1200,TIMEOUT,False
ab660e179140ea816eca23098fd50078-sum_of_three_cubes_33_unknown_representation.cnf,UNKNOWN,,1200,TIMEOUT,1200,TIMEOUT,False
ac6256657058fe65dc7ddaf773ab83bf-SC21_Timetable_C_527_E_71_Cl_35_S_35.cnf,AGG,1.0,393.94,SAT,393.99,SAT,True
ae5f6e83a289d226a353efd95b663717-6s22_Iter99.cnf,UNKNOWN,,1200,TIMEOUT,1200,TIMEOUT,False
af63ce577d1fea121ba80b4b1d148f0c-sudoku-N30-22.cnf,UNKNOWN,,1200,TIMEOUT,1200,TIMEOUT,False
af834fd3ce15078d2ab055c996758c00-sum_of_three_cubes_33_known_representation.cnf,UNKNOWN,,1200,TIMEOUT,1200,TIMEOUT,False
b043968ec004b4ac19eb31926c24d22c-mdp-36-11-unsat.cnf,UNKNOWN,,1200,TIMEOUT,1200,TIMEOUT,False
b1c44904cf06682f973b60c8282f45e8-mp1-squ_ali_s10x10_c39_bail_SAT.cnf,AGG,1.153,220.23,SAT,253.87,SAT,True
b24684abee2e253a4aee233eed155a5b-GP_100_948_34.cnf,UNKNOWN,,1200,TIMEOUT,1200,TIMEOUT,False
b29cb3449d70126d186e1f6a4fccc419-pj2015_k9.cnf,UNKNOWN,,1200,TIMEOUT,1200,TIMEOUT,False
b2bcdd97e7d0ca8858b412eb34b26ba9-hyp_cec_multi_5.cnf,UNKNOWN,,1200,TIMEOUT,1200,TIMEOUT,False
b344f80cef9889d952c76736d0ad92d9-9dlx_vliw_at_b_iq6.cnf,UNKNOWN,,1200,TIMEOUT,1200,TIMEOUT,False
b3828c92f2c77f8d7581570685679d76-sin_depth_miter_8.cnf,UNKNOWN,,1200,TIMEOUT,1200,TIMEOUT,False
b3cf73d0383f781adf09a2192fa03a15-string_compare_safety_cbmc_unwinding_670.cnf,UNKNOWN,,1200,TIMEOUT,1200,TIMEOUT,False
b51583e32432c5778c7e3e996c3bfeba-sqrt_ineq_3.c.cnf,UNKNOWN,,1200,TIMEOUT,1200,TIMEOUT,False
b88d206fb35ef87bd7ec5d4a1430ae0c-20-100-p100-55_sat.cnf,UNKNOWN,,1200,TIMEOUT,1200,TIMEOUT,False
b8d10f8c82a85c03c000fbd005e5a838-worker_50_150_40_0.85.cnf,UNKNOWN,,1200,TIMEOUT,1200,TIMEOUT,False
b8e3b884886922343f5cb72d92c24b97-frb75-13-2.used-as.sat04-878.cnf,UNKNOWN,,1200,TIMEOUT,1200,TIMEOUT,False
b8f9b018d16835c564dcd8395118c79f-aws-encryption-sdk-c%3Aaws_cryptosdk_priv_hdr_parse_alg_id.cnf,UNKNOWN,,1200,TIMEOUT,1200,TIMEOUT,False
b913c17d26ac9f3ad15fa83dc98960c7-sudoku-N30-27.cnf,UNKNOWN,,1200,TIMEOUT,1200,TIMEOUT,False
b96071f89fa1b1670b8375010b1dd42b-SCPC-500-9.cnf,CONS,1.469,560.98,UNSAT,381.93,UNSAT,True
b962abe508e5a677dbce14056111b48b-j3037_1_rggt_bm1.cnf,UNKNOWN,,1200,TIMEOUT,1200,TIMEOUT,False
ba8621490e4e7212fffdb55fb6bd282d-combined-crypto1-wff-seed-108-wffvars-500-cryptocplx-31-overlap-2.cnf,UNKNOWN,,1200,TIMEOUT,1200,TIMEOUT,False
bb0613595001749a0ada02f2da85bc89-PancakeVsInsertSort_7_7.cnf,UNKNOWN,,1200,TIMEOUT,1200,TIMEOUT,False
bb80971144a5423532aea9424dade891-div-mitern174.cnf,CONS,,1200,TIMEOUT,907.08,UNSAT,True
bc16508e3f279bec0a072b939bbe6440-af-synthesis_stb_50_40_2_sat.cnf,UNKNOWN,,1200,TIMEOUT,1200,TIMEOUT,False
bcb2104a3558d87ac3b2107c10d54648-mp1-blockpuzzle_5x12_s6_free3.cnf,UNKNOWN,,1200,TIMEOUT,1200,TIMEOUT,False
bd5bc8b7711b75f3cd3ad935bf000659-af-synthesis_stb_50_20_8_unsat.cnf,UNKNOWN,,1200,TIMEOUT,1200,TIMEOUT,False
c0d927c372e355081aa1f537cc910843-GP_100_948_32.cnf,UNKNOWN,,1200,TIMEOUT,1200,TIMEOUT,False
c0df94532b1ca8a705d3af05378f377d-SCPC-500-20.cnf,CONS,1.194,504.34,UNSAT,422.27,UNSAT,True
c1b30b4e03c3024ad9d084e29e79aa46-BubbleVsPancakeSort_6_6.cnf,AGG,,1125.04,UNSAT,1200,TIMEOUT,True
c1cb62f85f0c6a29c5d3c47d25fbc24a-Carry_Bits_Fast_23.cnf.cnf,UNKNOWN,,1200,TIMEOUT,1200,TIMEOUT,False
c221c5dc006de79e561124dab52aae82-mdp-28-12-unsat.cnf,UNKNOWN,,1200,TIMEOUT,1200,TIMEOUT,False
c23aed727ae2d9cbb888d771991995aa-tseitin_grid_n16_m16.cnf,UNKNOWN,,1200,TIMEOUT,1200,TIMEOUT,False
c2596b3f0d779d532a667962b1e54b42-pj2008_k300.cnf,UNKNOWN,,1200,TIMEOUT,1200,TIMEOUT,False
c2828483a78420f9a90e3ed9728c06cc-GP_100_951_37.cnf,UNKNOWN,,1200,TIMEOUT,1200,TIMEOUT,False
c2894b8d82492f03bb73bbc65896c016-aws-c-common%3Aaws_priority_queue_s_remove_node.cnf,UNKNOWN,,1200,TIMEOUT,1200,TIMEOUT,False
c2f827691e524e272d21de55b3749877-GP_100_951_35.cnf,UNKNOWN,,1200,TIMEOUT,1200,TIMEOUT,False
c33dc89922f1ddea4e7eeddafe4143b3-reconf20_20_grid10_1_6141.cnf,UNKNOWN,,1200,TIMEOUT,1200,TIMEOUT,False
c3b4a96d92da617218449abad4334d6d-div-mitern164.cnf,UNKNOWN,,1200,TIMEOUT,1200,TIMEOUT,False
c3de1f05d136b8ec420732ca829f3217-corePKCS11%3AC_CreateObject.cnf,UNKNOWN,,1200,TIMEOUT,1200,TIMEOUT,False
c5be40965caf3abdba3994ff3d1f32b6-grid-color-12-14-4-cb.cnf,UNKNOWN,,1200,TIMEOUT,1200,TIMEOUT,False
c846dfb21b50596aef8fbe5591d75eb0-UNSAT_MS_opt_snake_p20.pddl_29.cnf,UNKNOWN,,1200,TIMEOUT,1200,TIMEOUT,False
c98459d6a1763d809729e276b9c4cbbd-linked_list_swap_contents_safety_unwind74.cnf,CONS,1.001,1053.42,UNSAT,1052.75,UNSAT,True
c9886f58320a360adbc8db9470563bea-ctl_4291_567_12_unsat.cnf,UNKNOWN,,1200,TIMEOUT,1200,TIMEOUT,False
ca6db14aaa04027d2b8af47ec910bd68-cfi-rigid-s2-0064-04-or_2.cnf,UNKNOWN,,1200,TIMEOUT,1200,TIMEOUT,False
cac1c09f968ef8654c499156d1292385-SCPC-500-18.cnf,AGG,1.002,720.26,UNSAT,721.41,UNSAT,True
cb3c725fd30d50c6785b907054194260-worker_40_40_30_0.9.cnf,UNKNOWN,,1200,TIMEOUT,1200,TIMEOUT,False
cb8f9ffb66d9b5ef663e6759be0b5e4e-q_query_3_L200_coli.sat.cnf,AGG,1.002,799.67,UNSAT,801.26,UNSAT,True
cbd7e28e510e658abbbe312bdffc6407-worker_50_50_50_0.85.cnf,UNKNOWN,,1200,TIMEOUT,1200,TIMEOUT,False
ccb55d1b802617fcb969e12859d66124-g2-mizh-md5-48-2.cnf,CONS,1.002,217.23,SAT,216.9,SAT,True
cd1585619fea2f2634525a3663873764-linked_list_swap_contents_safety_unwind55.cnf,CONS,1.005,170.64,UNSAT,169.86,UNSAT,True
cd361d33986dccd7f2d86016d6c35241-ecarev-110-4099-22-30-7.cnf,AGG,1.0,1130.93,SAT,1131.02,SAT,True
cd36b290c27ed9bafedfb2ca88469f01-mdp-28-12-sat.cnf,CONS,,1200,TIMEOUT,871.1,SAT,True
cd72a64e1b857fd30b9ec831cf462bf1-mp1-21.7.cnf,AGG,1.174,184.68,SAT,216.9,SAT,True
cd7c8f8aa9901293a9bc31839eafcc40-reconf10_42_queen20_4_0961.cnf,UNKNOWN,,1200,TIMEOUT,1200,TIMEOUT,False
cda0871abcaa41bb403207731bd24fe5-af-synthesis_stb_50_100_4_unsat.cnf,UNKNOWN,,1200,TIMEOUT,1200,TIMEOUT,False
cdcdc78497a72d622493b1bac4f0f28b-reconf20_26_3-FullIns_4_1.cnf,UNKNOWN,,1200,TIMEOUT,1200,TIMEOUT,False
ce32731c73701c2ac2bed5341b6ae3ca-mp1-9_27.cnf,AGG,2.4,88.57,SAT,212.53,SAT,True
ce4345ce697134021029c2686d5eb04c-Carry_Save_Fast_3.cnf.cnf,UNKNOWN,,1200,TIMEOUT,1200,TIMEOUT,False
cf194dbcba619ea53edb4170c056ac5b-grid-color-14-14-14-cb.cnf,UNKNOWN,,1200,TIMEOUT,1200,TIMEOUT,False
cfa14a7015b0f7fecd98e898f3c95896-velev-vliw-sat-4.0-b8.cnf,AGG,1.0,144.99,SAT,145.04,SAT,True
d065d395159d19735706e0b5cb823f17-af-synthesis_stb_50_20_8_sat.cnf,UNKNOWN,,1200,TIMEOUT,1200,TIMEOUT,False
d0ee45ac97c6b5cc63a528f46a5797aa-linked_list_swap_contents_safety_unwind44.cnf,CONS,1.002,204.75,UNSAT,204.34,UNSAT,True
d1a4dc04e54d4fa58dfbbf61bd2415b4-SC22_Timetable_C_451_E_50_Cl_30_S_28.cnf,UNKNOWN,,1200,TIMEOUT,1200,TIMEOUT,False
d1dbf88a58406c931fd696267ed8159e-s2n%3As2n_stuffer_private_key_from_pem.cnf,UNKNOWN,,1200,TIMEOUT,1200,TIMEOUT,False
d1f5c3af78f13f39595288976115d7d3-3d_perfect_euler_bricks.cnf,UNKNOWN,,1200,TIMEOUT,1200,TIMEOUT,False
d21199e73859ca35386912c5c475d6c7-tseitin_n192_d3.cnf,UNKNOWN,,1200,TIMEOUT,1200,TIMEOUT,False
d32a1553afeebf44835370c9567b3598-cfi-rigid-t2-0048-01-or_3_shuffle_all.cnf,UNKNOWN,,1200,TIMEOUT,1200,TIMEOUT,False
d3c07914f3ebb42906b986aa431243af-summle_X8646_steps8_I1-2-2-4-4-8-25-100.cnf,AGG,1.002,290.53,SAT,290.97,SAT,True
d40af7b45bba9c64033c0dd47b07f4a4-mdp-36-16-sat.cnf,UNKNOWN,,1200,TIMEOUT,1200,TIMEOUT,False
d518d21a9d851741940749cb59f558af-rphp_p6_r28.cnf,UNKNOWN,,1200,TIMEOUT,1200,TIMEOUT,False
d60f78323b957025e55ca528d641b83b-SC22_Timetable_C_451_E_48_Cl_30_S_27.cnf,UNKNOWN,,1200,TIMEOUT,1200,TIMEOUT,False
d6947217ad779e1175c716cca42525c6-summle_X111113_steps7_I1-2-2-4-4-8-25-100.cnf,UNKNOWN,,1200,TIMEOUT,1200,TIMEOUT,False
d6c845a5f92ebc059b3f0ab2f6d395ed-cfi-rigid-z2-0088-02-or_2_shuffle_all.cnf,AGG,1.001,954.7,UNSAT,955.96,UNSAT,True
d702aa8568706efda8308ef8d24f907b-div-mitern167.cnf,UNKNOWN,,1200,TIMEOUT,1200,TIMEOUT,False
d7039acbd2f060fe1e32a273b07c2c77-sudoku-N30-29.cnf,UNKNOWN,,1200,TIMEOUT,1200,TIMEOUT,False
d78819115db81dee343d7777fbc5844f-cfi-rigid-s2-0064-02-or_2.cnf,CONS,1.006,1163.15,UNSAT,1156.06,UNSAT,True
d79e09d2a1639a01528c0703df4d4946-pj2008_k400.cnf,UNKNOWN,,1200,TIMEOUT,1200,TIMEOUT,False
d7f273dc6e97efe55c8b7f9cc547eb2d-sin_depth_miter_1.cnf,UNKNOWN,,1200,TIMEOUT,1200,TIMEOUT,False
d8602e623f87dd33f4a1a69ee42d15be-reconf20_50_grid10_3_6844.cnf,UNKNOWN,,1200,TIMEOUT,1200,TIMEOUT,False
d87714e099c66f0034fb95727fa47ccc-Wallace_Bits_Fast_2.cnf.cnf,CONS,,1200,TIMEOUT,184.74,SAT,True
d892eb7b3b3a44192ee639e222eee058-reconf10_99_Ins_3_1.cnf,UNKNOWN,,1200,TIMEOUT,1200,TIMEOUT,False
d8bb23406e76bf5a4b7a6edba8784a74-Lab-Project-FreeRTOS-Cellular-Library%3ACellular_ATRemoveTrailingWhiteSpaces.cnf,CONS,1.01,1023.89,UNSAT,1014.01,UNSAT,True
d90c519010bfda89d1626c0321a55a64-j3045_10_gmto_bm1.cnf,UNKNOWN,,1200,TIMEOUT,1200,TIMEOUT,False
d9e9100c382d44fb67af82f8d69814f1-cfi-rigid-t2-0048-03-or_3_shuffle_all.cnf,UNKNOWN,,1200,TIMEOUT,1200,TIMEOUT,False
dcac26e190c906c61ac7222d6d4628c7-grid-color-14-14-12-cb.cnf,UNKNOWN,,1200,TIMEOUT,1200,TIMEOUT,False
dd0196aee30d0a83b6fe8bc7eba01806-aws-encryption-sdk-c%3Aaws_cryptosdk_priv_hdr_parse_iv.cnf,UNKNOWN,,1200,TIMEOUT,1200,TIMEOUT,False
ddc7ca4c5dcb102a3ecc63721498f746-SC22_Timetable_C_436_E_39_Cl_29_S_27.cnf,UNKNOWN,,1200,TIMEOUT,1200,TIMEOUT,False
ddcb0cd9b7bca43c3a5189326ae88aab-linked_list_swap_contents_safety_unwind71.cnf,CONS,1.001,629.93,UNSAT,629.58,UNSAT,True
e011c703e4a2ff46069ec2af2997b580-sin_depth_miter_6.cnf,UNKNOWN,,1200,TIMEOUT,1200,TIMEOUT,False
e01c39b7b41c9ff1621579b747254fab-ncc_none_3001_7_3_3_1_31_435991723.cnf,UNKNOWN,,1200,TIMEOUT,1200,TIMEOUT,False
e02e21075d3bb8b0e64ea9b8122c75ff-PancakeVsInsertSort_6_7.cnf,UNKNOWN,,1200,TIMEOUT,1200,TIMEOUT,False
e0b938c32e36e2939d712dd4024f9ec6-j3037_9_mdd_b.cnf,UNKNOWN,,1200,TIMEOUT,1200,TIMEOUT,False
e28cf003c086c99f3a3d9a90aebf8ed1-intel046_Iter124.cnf,UNKNOWN,,1200,TIMEOUT,1200,TIMEOUT,False
e4128445a07bb86afca1f3590d9adfa9-worker_80_80_80_0.8.cnf,UNKNOWN,,1200,TIMEOUT,1200,TIMEOUT,False
e436f6303d3f499969eafe05b0914a4b-bmc_QICE_snp_vld_50.cnf,UNKNOWN,,1200,TIMEOUT,1200,TIMEOUT,False
e47567e16e4aeb4d8f3806dfbfdfd646-sudoku-N30-8.cnf,UNKNOWN,,1200,TIMEOUT,1200,TIMEOUT,False
e4f345877ba5fa2b8fb26be06a123748-rphp_p105_r105.cnf,UNKNOWN,,1200,TIMEOUT,1200,TIMEOUT,False
e55a49d8065d65650f24c0f3ecef30b6-af-synthesis_stb_50_120_4_unsat.cnf,UNKNOWN,,1200,TIMEOUT,1200,TIMEOUT,False
e5f5dbace0183455d167a88100312c34-Nb52T6.cnf,UNKNOWN,,1200,TIMEOUT,1200,TIMEOUT,False
e6f793931983295561620a027d9b3e95-mdp-36-14-unsat.cnf,UNKNOWN,,1200,TIMEOUT,1200,TIMEOUT,False
e7c0d40392681b1a55d5d3c826a26766-reconf20_116_le450_25c_1.cnf,CONS,1.004,234.95,UNSAT,233.92,UNSAT,True
e7cd2c407974b35fa97f8e64a691bfa0-j3037_10_gmto_b.cnf,UNKNOWN,,1200,TIMEOUT,1200,TIMEOUT,False
e85b6cb3e2751d5c80559433ba1adf06-vlsat2_24450_2770239.dimacs.cnf,UNKNOWN,,1200,TIMEOUT,1200,TIMEOUT,False
e8d9e3a985463b8e4f45b6e09b77bf6c-cfi-rigid-t2-0048-02-or_3_shuffle_all.cnf,UNKNOWN,,1200,TIMEOUT,1200,TIMEOUT,False
e97ebde59cb17ef6f7c4430224b21ed1-grid-color-14-14-8-cb.cnf,UNKNOWN,,1200,TIMEOUT,1200,TIMEOUT,False
e992a45933d191dc4fbe8cc4836109f8-sum_of_three_cubes_165_known_representation.cnf,UNKNOWN,,1200,TIMEOUT,1200,TIMEOUT,False
e99ce61fe251b404ec85f6246fd4bb19-Wallace_Bits_Fast_7.cnf.cnf,UNKNOWN,,1200,TIMEOUT,1200,TIMEOUT,False
e9b4369f9a98e397ac69eb7740ffef49-Carry_Save_Fast_2.cnf.cnf,UNKNOWN,,1200,TIMEOUT,1200,TIMEOUT,False
ea8a79747c7ab142a897b7e8e638245f-j3045_4_mdd_b.cnf,UNKNOWN,,1200,TIMEOUT,1200,TIMEOUT,False
eb659cd21250abdc8c9cec49073c32c6-linked_list_swap_contents_safety_unwind59.cnf,CONS,1.003,600.53,UNSAT,598.67,UNSAT,True
eb8a25e0db5d0605e3e15670f7a07f27-grid-color-14-14-2-cb.cnf,UNKNOWN,,1200,TIMEOUT,1200,TIMEOUT,False
ed410c758e5025f1bb97922574d1c2ff-reconf10_86_sp003_1.cnf,UNKNOWN,,1200,TIMEOUT,1200,TIMEOUT,False
ed6920e7126f57daabfb85415607fdb5-sum_of_three_cubes_906_unknown_representation.cnf,UNKNOWN,,1200,TIMEOUT,1200,TIMEOUT,False
eede03732955f620b5291f9dcf9f95df-tseitin_n200_d3.cnf,UNKNOWN,,1200,TIMEOUT,1200,TIMEOUT,False
efc1b836380d0f84e7512f7b2ccdbb60-PancakeVsInsertSort_8_5.cnf,UNKNOWN,,1200,TIMEOUT,1200,TIMEOUT,False
f0f279c7d5043e783f73237cf6bddf33-Break_triple_20_72.xml.cnf,UNKNOWN,,1200,TIMEOUT,1200,TIMEOUT,False
f1afd5e8d4b842c15c6a2c420b2b2dba-pj2018_k10.cnf,UNKNOWN,,1200,TIMEOUT,1200,TIMEOUT,False
f1b3d254596523910f3af07fc1942e64-Break_unsat_12_19.xml.cnf,UNKNOWN,,1200,TIMEOUT,1200,TIMEOUT,False
f2a73aa514c859c91db462e1e2a1315b-af-synthesis_stb_50_140_1_sat.cnf,UNKNOWN,,1200,TIMEOUT,1200,TIMEOUT,False
f5f1d6a47ed7449a18d872a3f93d8aa5-GP_120_400_15.cnf,UNKNOWN,,1200,TIMEOUT,1200,TIMEOUT,False
f64806fd4fe79f1efaefa7ce68d93ee1-sin_depth_miter_4.cnf,UNKNOWN,,1200,TIMEOUT,1200,TIMEOUT,False
f8a966a2ba189ad5fa45f870f3c5e200-sudoku-N30-7.cnf,UNKNOWN,,1200,TIMEOUT,1200,TIMEOUT,False
f8ad493b11bf0692c1f3919642cebdb1-PancakeVsInsertSort_9_3.cnf,UNKNOWN,,1200,TIMEOUT,1200,TIMEOUT,False
f8b7241f662ab4d36337b74bb7984122-summle_X111119_steps7_I1-2-2-4-4-8-25-100.cnf,UNKNOWN,,1200,TIMEOUT,1200,TIMEOUT,False
f9dd957b2f5940a3e3adaa2eeaaba011-mdp-36-12-sat.cnf,UNKNOWN,,1200,TIMEOUT,1200,TIMEOUT,False
fb5cf4ad3c46dd294eb8253218524ba6-cfi-rigid-r2-0072-01-or_3.cnf,CONS,1.001,451.31,SAT,451.06,SAT,True
fbf3b9f8a03a1efedae3da04622fe96e-sqrt-mitern168.cnf,UNKNOWN,,1200,TIMEOUT,1200,TIMEOUT,False
fca7a5a04aaed5f0eacccc4139dc894a-satcoin-genesis-SAT-8192.cnf,UNKNOWN,,1200,TIMEOUT,1200,TIMEOUT,False
fdfd5975c57d7cd2264ef6aff6cb4815-SE_PR_stb_588_138.apx_1.cnf,UNKNOWN,,1200,TIMEOUT,1200,TIMEOUT,False
fe800e62b55609cb152965c223e72280-div-mitern171.cnf,UNKNOWN,,1200,TIMEOUT,1200,TIMEOUT,False
fe96b630b3e761821308b544368dd521-GP_100_950_34.cnf,UNKNOWN,,1200,TIMEOUT,1200,TIMEOUT,False
fec4ba2cf2416933dcf7b8153be97344-bz-X-4-7-6.cnf,UNKNOWN,,1200,TIMEOUT,1200,TIMEOUT,False
fee70cede2b5b55bfbdb6e48fbe7ce4f-DLTM_twitter690_74_16.cnf,UNKNOWN,,1200,TIMEOUT,1200,TIMEOUT,False
ff3be72b9f5f44036875aa48f5434456-worker_20_60_20_0.9.cnf,UNKNOWN,,1200,TIMEOUT,1200,TIMEOUT,False
fff3f8c76467cdf9d92689969fd94281-mod2c-rand3bip-sat-240-2.shuffled-as.sat05-2519.cnf,UNKNOWN,,1200,TIMEOUT,1200,TIMEOUT,False
